-- MySQL dump 10.13  Distrib 5.6.37, for osx10.6 (i386)
--
-- Host: appaloosa.mysql.uhserver.com    Database: appaloosa
-- ------------------------------------------------------
-- Server version	5.6.22

/*!40101 SET @OLD_CHARACTER_SET_CLIENT=@@CHARACTER_SET_CLIENT */;
/*!40101 SET @OLD_CHARACTER_SET_RESULTS=@@CHARACTER_SET_RESULTS */;
/*!40101 SET @OLD_COLLATION_CONNECTION=@@COLLATION_CONNECTION */;
/*!40101 SET NAMES utf8 */;
/*!40103 SET @OLD_TIME_ZONE=@@TIME_ZONE */;
/*!40103 SET TIME_ZONE='+00:00' */;
/*!40014 SET @OLD_UNIQUE_CHECKS=@@UNIQUE_CHECKS, UNIQUE_CHECKS=0 */;
/*!40014 SET @OLD_FOREIGN_KEY_CHECKS=@@FOREIGN_KEY_CHECKS, FOREIGN_KEY_CHECKS=0 */;
/*!40101 SET @OLD_SQL_MODE=@@SQL_MODE, SQL_MODE='NO_AUTO_VALUE_ON_ZERO' */;
/*!40111 SET @OLD_SQL_NOTES=@@SQL_NOTES, SQL_NOTES=0 */;

--
-- Table structure for table `authors`
--

DROP TABLE IF EXISTS `authors`;
/*!40101 SET @saved_cs_client     = @@character_set_client */;
/*!40101 SET character_set_client = utf8 */;
CREATE TABLE `authors` (
  `author_id` int(10) unsigned NOT NULL AUTO_INCREMENT,
  `author_status` int(2) DEFAULT NULL,
  `author_first_name` varchar(50) DEFAULT NULL,
  `author_last_name` varchar(50) DEFAULT NULL,
  `author_email` varchar(50) DEFAULT NULL,
  `author_links` text,
  `author_about` text,
  `author_image` varchar(200) DEFAULT NULL,
  `author_options` text,
  `author_created` datetime DEFAULT NULL,
  `author_modified` datetime DEFAULT NULL,
  PRIMARY KEY (`author_id`),
  CONSTRAINT `Extend` FOREIGN KEY (`author_id`) REFERENCES `users` (`id`) ON DELETE CASCADE ON UPDATE CASCADE
) ENGINE=InnoDB AUTO_INCREMENT=56 DEFAULT CHARSET=utf8mb4;
/*!40101 SET character_set_client = @saved_cs_client */;

--
-- Dumping data for table `authors`
--

LOCK TABLES `authors` WRITE;
/*!40000 ALTER TABLE `authors` DISABLE KEYS */;
INSERT INTO `authors` VALUES (1,1,'Felippe','Regazio','felippe.moraes@zoho.com','{\"facebook\":\"http:\\/\\/facebook.com\\/hi.felippe\",\"twitter\":\"http:\\/\\/twitter\\/johnnythelion\",\"instagram\":\"http:\\/\\/insta.com\",\"youtube\":\"http:\\/\\/youtube.com\",\"blog\":\"http:\\/\\/appaloosabooks.com\\/blog\",\"website\":\"http:\\/\\/appaloosabooks.com\"}','Desenvolvedor web, entusiasta de literatura, criador e mantenedor da Appaloosa Books.','1.jpg','{\"email_PagSeguro\":\"felippe.moraes@zoho.com\",\"allow_public_emails\":\"1\"}','2018-08-18 18:39:36','2018-10-13 19:32:13'),(32,1,'Giordano','Andriola','giordano_andriola@hotmail.com','{\"facebook\":\"https:\\/\\/www.facebook.com\\/giordano.andriola\",\"twitter\":\"\",\"instagram\":\"\",\"youtube\":\"\",\"blog\":\"\",\"website\":\"\"}','Giordano Andriola, potiguar, nascido em 1990. Autor da coletânea de contos \"Memórias Pútridas de um Voyeur Cego\" e das novelas \"Cheque Sem Fundo\" e \"O Homem Extraviado\". ','32.jpg','{\"email_PagSeguro\":\"giordano_andriola@hotmail.com\",\"allow_public_emails\":\"1\"}','2018-09-01 10:35:18','2018-10-15 11:11:38'),(33,1,'Andri','Carvão','andricarvao@hotmail.com','{\"facebook\":\"https:\\/\\/www.facebook.com\\/andri.carvao\",\"twitter\":\"\",\"instagram\":\"\",\"youtube\":\"\",\"blog\":\"\",\"website\":\"\"}','Andri Carvão cursou Artes Plásticas na Escola de Arte Fego Camargo em Taubaté, na Fundação das Artes de São Caetano do Sul e na EPA – Escola Panamericana de Arte. Atualmente graduando em Letras pela Universidade de São Paulo, publica regularmente poemas e ensaios na revista online Labirinto Literário, é colunista do site Educa2 e participou das antologias: Gengibre – Diálogos para o Coração das Putas e dos Homens Mortos, Embaçadíssima: Antologia Tirada de uma Notícia de Jornal e Antologia de Poesia Contemporânea Além da Terra Além do Céu [editora Chiado].','33.jpg','{\"email_PagSeguro\":\"\",\"allow_public_emails\":\"1\"}','2018-09-01 10:37:02',NULL),(34,1,'Marcia','Barbieri','marcia_barbieri@hotmail.com','{\"facebook\":\"https:\\/\\/www.facebook.com\\/marcia.barbieri.501\",\"twitter\":\"\",\"instagram\":\"\",\"youtube\":\"\",\"blog\":\"\",\"website\":\"\"}','Há uma frase que diz que você é o que come. Eu sou aquilo que escrevo, tanto o melhor quanto o pior.','34.jpg','{\"email_PagSeguro\":\"\",\"allow_public_emails\":\"1\"}','2018-09-01 10:39:46','2018-10-15 11:00:25'),(35,1,'Franck','Santos','franck015@yahoo.com.br','{\"facebook\":\"https:\\/\\/www.facebook.com\\/franck.santos.39\",\"twitter\":\"\",\"instagram\":\"\",\"youtube\":\"\",\"blog\":\"\",\"website\":\"\"}','Franck Santos é um homem comum, ilhado em São Luís, cidade esta que tem mar, porto, muitas histórias, sol e céu azul o ano inteiro, mas prefere dias nublados e chuvosos, uma casa no campo, vinho e blues. Publicou os livros Fogo Fátuo (2011) e Quando o azul não desbotava (Editora Penalux, 2014), ambos de prosa poética. Agora, Poemas para dias de chuva, pela Editora Patuá.','35.jpg','{\"email_PagSeguro\":\"\",\"allow_public_emails\":\"1\"}','2018-09-01 10:42:46',NULL),(36,1,'Roberto','Menezes','betomenezes@gmail.com','{\"facebook\":\"https:\\/\\/www.facebook.com\\/Roberto.Menezes.Tibiri\",\"twitter\":\"\",\"instagram\":\"\",\"youtube\":\"\",\"blog\":\"\",\"website\":\"\"}','Beto Menezes um dia ainda vai mandar uma Bio pra gente.','36.jpg','{\"email_PagSeguro\":\"\",\"allow_public_emails\":\"1\"}','2018-09-01 10:44:22',NULL),(37,1,'Felipe','Coutinho','felcoutinhoart@gmail.com','{\"facebook\":\"https:\\/\\/www.facebook.com\\/felcoutinho\",\"twitter\":\"\",\"instagram\":\"\",\"youtube\":\"\",\"blog\":\"\",\"website\":\"\"}','Felipe Coutinho Artista, ilustrador, animador freelancer e professor de desenho e pintura no Lumina Atelier. Começou sua carreira fazendo quadrinhos no estúdio megatério, onde fazia arte-final para quadrinhos do Menino Maluquinho. Publicou nas revistas MAD, Galileu, Mundo Estranho e Veja Rio.','37.jpg','{\"email_PagSeguro\":\"\",\"allow_public_emails\":\"1\"}','2018-09-01 10:45:15',NULL),(38,1,'Caroline','Fortunato','yrijauklemm@gmail.com','{\"facebook\":\"https:\\/\\/www.facebook.com\\/profile.php?id=100003905457998\",\"twitter\":\"\",\"instagram\":\"\",\"youtube\":\"\",\"blog\":\"\",\"website\":\"\"}','Caroline Fortunato nasceu em janeiro de 1996 em Mococa-SP e atualmente reside em São Paulo capital, onde cursa Letras na USP. É colunista, membra de antologias e contista em determinadas revistas. Seu primeiro livro de contos, Anacronismo, foi publicado de forma independente pela editora Livrorama. Autora, também, do livro de ficção científica O Lado Real do Abstrato (ed. Selo Talentos), publicado em 2018.  ','38.jpg','{\"email_PagSeguro\":\"\",\"allow_public_emails\":\"1\"}','2018-09-01 10:47:43',NULL),(39,1,'Matheus','Peleteiro','matheus_peleteiro@hotmail.com','{\"facebook\":\"https:\\/\\/www.facebook.com\\/profile.php?id=1367630933\",\"twitter\":\"\",\"instagram\":\"\",\"youtube\":\"\",\"blog\":\"\",\"website\":\"\"}','Nascido em Salvador – BA em 1995, escritor, poeta e contista, Matheus Peleteiro publicou em 2015 o seu primeiro romance, Mundo Cão, pela editora Novo Século. Em 2016, lançou a novela intitulada \"Notas de um Megalomaníaco Minimalista\", (Giostri), o livro de poemas \"Tudo Que Arde Em Minha Garganta Sem Voz\", (Penalux) e teve também um conto selecionado para a Antologia Gengibre - Diálogos para o Corações das Putas, também publicado pela Appaloosa. Em 2017, publicou \"Pro Inferno com Isso\", seu primeiro livro de contos.','39.jpg','{\"email_PagSeguro\":\"\",\"allow_public_emails\":\"1\"}','2018-09-01 10:49:01',NULL),(40,1,'Bruno','Sanctus','brunosanctus@outlook.com','{\"facebook\":\"https:\\/\\/www.facebook.com\\/cumminf\",\"twitter\":\"\",\"instagram\":\"\",\"youtube\":\"\",\"blog\":\"\",\"website\":\"\"}','Bruno Sanctus, nasceu no mesmo dia que Kurt Cobain e tem ascendente em sagitário. Falta  É autor do livro de poesias Escrevi Para Esquecer: Palavrões (editora nota terapia) e está escrevendo mais uns quatro livros aleatórios. Alguns dizem que ele é o alter-ego da escritora Yulia Martins. Segundo ele, sua vida é um filme sueco ruim, cheio de palavras impronunciáveis e sem moral alguma. Bruno gosta de vídeo-games, teoria da conspiração, quadrinhos, magia do caos.','40.jpg','{\"email_PagSeguro\":\"\",\"allow_public_emails\":\"1\"}','2018-09-01 10:50:03',NULL),(41,1,'Cleber','Cardoso','cleber19191@gmail.com','{\"facebook\":\"https:\\/\\/www.facebook.com\\/cleber.cardoso.75\",\"twitter\":\"\",\"instagram\":\"\",\"youtube\":\"\",\"blog\":\"\",\"website\":\"\"}','Nascido em Porto Velho – RO em 1988, escreve poemas, faz músicas com a banda “Os indecentes” e é um dos idealizadores do Espaço Devaneio, onde organiza saraus e outros eventos de incentivo à cultura. Atualmente escreve em sua página no facebook (@poetaboco) e instagram (@poeta_boco).','41.jpg','{\"email_PagSeguro\":\"cleber.stillborn@hotmail.com\",\"allow_public_emails\":\"1\"}','2018-09-01 10:51:32',NULL),(42,1,'Eric','Moreira','eric.ufjf@gmail.com','{\"facebook\":\"https:\\/\\/www.facebook.com\\/eric.ufjf\",\"twitter\":\"\",\"instagram\":\"\",\"youtube\":\"\",\"blog\":\"\",\"website\":\"\"}','Eric Moreira é desses que se desesperam com a vida, que escrevem pra viver e, também, pra matar um amor. Publicou \"Último Blues em San Pedro\" (Ed. Multifoco, 2016) e participou da Embaçadíssima, organizada por Felippe Regazio e disponibilizada pela Appaloosa Books. Desses que acreditam no turbilhão e na fé de que tudo flui, como diria Heráclito: entre um cigarro e um vinho, Eric Moreira vai colocando seus Poemas-Delírio e suas Prosas-Delírio, como experimentação da linguagem e da vida. Como um rio que corre pro mar, nunca mais seremos os mesmos.','42.jpg','{\"email_PagSeguro\":\"eric.ufjf@gmail.com\",\"allow_public_emails\":\"1\"}','2018-09-01 10:52:37',NULL),(43,1,'Wladimir','Saldanha','wladsal@terra.com.br','{\"facebook\":\"\",\"twitter\":\"\",\"instagram\":\"\",\"youtube\":\"\",\"blog\":\"\",\"website\":\"\"}','WLADIMIR SALDANHA nasceu em 1977, em Salvador, cidade onde reside. Doutor em Letras pela Universidade Federal da Bahia, é poeta, crítico e tradutor. Em poesia, publicou As culpas do poema (Prêmio Asabeça/Scortecci, 2012), livro que seria incorporado ao volume Culpe o vento (7Letras, 2014). Lançou ainda: Lume Cardume Chama (7Letras, 2014) - obra selecionada para publicação pela Fundação Cultural da Bahia; e Cacau inventado (Mondrongo, 2015), livro semifinalista do Prêmio Oceanos de Literatura em Língua Portuguesa, em 2016. Pela mesma editora, em 2017, publica Natal de Herodes, poesia, eleito o melhor livro de poemas daquele ano pela Revista Amálgama. Como tradutor, em 2014 participou da reedição de A cinza do Purgatório, de Otto Maria Carpeaux, pela Editora Danúbio, de Santa Catarina, tendo','43.jpg','{\"email_PagSeguro\":\"\",\"allow_public_emails\":\"1\"}','2018-09-01 10:55:46',NULL),(44,1,'Appaloosa','Books','contato@appaloosabooks.com','{\"facebook\":\"\",\"twitter\":\"\",\"instagram\":\"\",\"youtube\":\"\",\"blog\":\"http:\\/\\/appaloosabooks.com\\/magazine\",\"website\":\"http:\\/\\/appaloosabooks.com\"}','A developer and a writer walks into a bar...','44.png','{\"email_PagSeguro\":\"felippe.moraes@zoho.com\",\"allow_public_emails\":\"1\"}','2018-09-01 10:58:33','2018-10-14 22:19:45'),(52,1,'Rennan','Sama','rennansama19@outlook.com','{\"facebook\":\"\",\"twitter\":\"\",\"instagram\":\"\",\"youtube\":\"\",\"blog\":\"\",\"website\":\"\"}','Sou um jovem poeta. Muitas vezes é tudo o que eu sou. Muitas vezes não sou nada além disso. As vezes ser poeta toma conta de tudo, e de repente me vejo alucinando em uma vida que todos levam muito a sério. Tenho 19 anos, sou carioca e tenho um livro de poemas publicado cujo nome é \"Ancorado\". Sou fã de rap, e tenho um pé lá nos beatniks e a turma underground. Salve Burroughs, minha inspiração.','52.jpg','{\"email_PagSeguro\":\"\",\"allow_public_emails\":\"0\"}','2018-10-10 21:35:21','2018-10-14 16:09:28'),(53,1,'Marco','Magalhães','maomagalhaes@gmail.com','{\"facebook\":\"\",\"twitter\":\"\",\"instagram\":\"\",\"youtube\":\"\",\"blog\":\"\",\"website\":\"\"}',' Marco Magalhães é escritor, poeta e dramaturgo. Lançou, em 2014, seu primeiro livro, Diário de Dias Esquecidos, de forma totalmente independente. Em 2017, lançou pela Jaguatirica seu segundo livro, Cachorros velhos não trepam na chuva.',NULL,'{\"email_PagSeguro\":\"\",\"allow_public_emails\":\"1\"}','2018-10-10 21:44:42',NULL),(55,1,'Clarice','Sabino','sabinoclarice@gmail.com','{\"facebook\":\"https:\\/\\/www.facebook.com\\/nadadissoeparavoce\\/\",\"twitter\":\"\",\"instagram\":\"https:\\/\\/www.instagram.com\\/nadadissoeparavoce\\/\",\"youtube\":\"https:\\/\\/www.youtube.com\\/channel\\/UCofCuz-Jl017lq6PxuPSz7A\",\"blog\":\"\",\"website\":\"\"}','Nasceu no Rio de Janeiro em 1998, cresceu em Belo Horizonte e atualmente vive em Buenos Aires. Carrega desde a infância a necessidade de escrever. Em 2016 despontou nas redes sociais com seus poemas autorais ao criar a página Nada disso é para você no Facebook que já conquistou mais de 120 mil seguidores. Dona de uma escrita romântica e simplista, se aproxima de seus leitores através de sua lírica cotidiana, brincando com as palavras em versos despretensiosos. Em abril de 2018 lançou seu primeiro livro \"Para que serve a poesia?\". ','55.png','{\"email_PagSeguro\":\"\",\"allow_public_emails\":\"1\"}','2018-10-15 22:20:09','2018-10-24 17:46:12');
/*!40000 ALTER TABLE `authors` ENABLE KEYS */;
UNLOCK TABLES;

--
-- Table structure for table `books`
--

DROP TABLE IF EXISTS `books`;
/*!40101 SET @saved_cs_client     = @@character_set_client */;
/*!40101 SET character_set_client = utf8 */;
CREATE TABLE `books` (
  `id` int(11) unsigned NOT NULL AUTO_INCREMENT,
  `asbn` varchar(10) DEFAULT NULL,
  `status` int(2) DEFAULT NULL,
  `title` varchar(100) DEFAULT NULL,
  `author_id` int(6) DEFAULT NULL,
  `cover` varchar(200) DEFAULT NULL,
  `description` text,
  `short_description` varchar(800) DEFAULT NULL,
  `gender_id` varchar(100) DEFAULT NULL,
  `publish_date` datetime DEFAULT NULL,
  `files` varchar(3000) DEFAULT NULL,
  `reviewer_id` varchar(100) DEFAULT NULL,
  `views` int(10) DEFAULT NULL,
  `options` varchar(3000) DEFAULT NULL,
  `created` datetime DEFAULT NULL,
  `last_access` datetime DEFAULT NULL,
  PRIMARY KEY (`id`)
) ENGINE=InnoDB AUTO_INCREMENT=78 DEFAULT CHARSET=latin1;
/*!40101 SET character_set_client = @saved_cs_client */;

--
-- Dumping data for table `books`
--

LOCK TABLES `books` WRITE;
/*!40000 ALTER TABLE `books` DISABLE KEYS */;
INSERT INTO `books` VALUES (49,'AN0001',1,'Antologia Gengibre',44,'AN0001.png','Gengibre é uma antologia literária, online e gratuita, que reuniu 53 escritores da mais pesada corja literária de todo o Brasil para que escrevessem sobre o que quer que fosse, desde que: em algum momento do texto houvesse algum diálogo ou a sombra de um. Cada autor contribuiu com um texto que contivesse o mais puro Brandy de suas produções e o resultado foi uma Antologia com 90% Vol. dentre Contos, Crônicas e Poemas. A Gengibre está disponível em formato PDF e conta com 152 páginas evelhecidas em barris de carvalho e prontas pra serem degustadas pra além dos muros do óbvio.','Antologia literária, online e gratuita, que reuniu 53 escritores da mais pesada corja literária de todo o Brasil para que escrevessem sobre o que quer que fosse, desde que: em algum momento do texto houvesse algum diálogo ou a sombra de um','7',NULL,'{\"pdf\":\"AN0001.pdf\"}','5',6041,NULL,'2018-09-01 11:24:51',NULL),(53,'AN0002',1,'Antologia Embaçadíssima',44,'AN0002.png','A Embaçadíssima é uma antologia literária que reuniu 38 autores do meio literário underground de todo o Brasil. O tema girou em torno dos jornais e foi trabalhado quase da mesma forma que fez M. Bandeira. Quase. A questão é que aqui cada texto tem uma notícia de jornal vinculada e, de uma forma ou de outra, essa notícia está no texto. Tudo aqui é louco e insano como a própria realidade. Os autores, os textos, as notícias retiradas de um jornal da via-láctea, do planeta terra, da américa latina, da europa, de dezenas de lugares do Brasil e do mundo, da cabeça de uma caralhada de gente maluca que explode nas manhãs e nas madrugadas como dinamites, como supernovas catalogadas com um nome legal pra dizer que essa gente escreve e vai continuar escrevendo independente dos bico. Pra dizer que a essa gente gosta de Manuel Bandeira. Pra dizer que essa gente lê jornal e que a essa gente tá puta e fodida igual todo mundo. Pra dizer que essa realidade, que é a única realidade possível pra essa gente, é mesmo belíssima e catastrófica. Pra dizer que estamos vivos e que isso não basta. Pra dizer que a Embaçadíssima é a ilustríssima dos loucos e que ela tá do caralho.','A Embaçadíssima é uma antologia literária que reuniu 38 autores do meio literário underground de todo o Brasil. O tema girou em torno dos jornais e foi trabalhado quase da mesma forma que fez M. Bandeira. Quase.','7','2018-09-01 20:03:04','{\"pdf\":\"AN0002.pdf\"}','5',4002,NULL,'2018-09-01 20:03:04',NULL),(54,'AN0003',1,'Antologia Quibano',44,'AN0003.png','Quibano reuniu 15 monstros maranhenses. O termo Q u i b a n o apresenta as variações quibando e quibane, sendo esta última a forma mais comumente utilizada no Maranhão das minhas vivências.  Na informalidade, a expressão serve para se referir ao órgão sexual feminino (o que seria do universo sem a imaginação popular e suas curiosas comparações?). ','Quibano reuniu 15 monstros maranhenses. O termo Q u i b a n o apresenta as variações quibando e quibane, sendo esta última a forma mais comumente utilizada no Maranhão das minhas vivências.','7','2018-09-01 20:06:34','{\"pdf\":\"AN0003.pdf\"}','12',3007,NULL,'2018-09-01 20:06:34',NULL),(55,'AP000001',1,'Atentado Contra a Vida das Coisas Belas',1,'AP000001.png','\"Atentado Contra a Vida das Coisas Belas\" foi lançado em 2014 em versão impressa com apoio do coletivo \"Invento Coletivo\". Ainda no mesmo ano, o poema IX. ou “Poema pra te ver dormir” foi publicado na revista \"Labirinto Literário\" de número 40, e o poema XII. ou “Catarina” foi publicado no número 41 da mesma revista.','Primeiro livro de poemas de Felippe Regazio, \"Atentado Contra a Vida das Coisas Belas\" foi lançado em 2014 em versão impressa com apoio do coletivo \"Invento Coletivo\".','2','2018-09-03 21:45:58','{\"pdf\":\"AP000001.pdf\",\"epub\":\"AP000001.epub\"}','1',263,NULL,'2018-09-03 21:45:58',NULL),(56,'AP000004',1,'De Costas Para o Mar',1,'AP000004.png','\"dentre outras coisas, este livro trata de algumas das histórias de viagens e do dia a dia de francisco noah de carvalho e amendola e sua mochila pelas bandas de sp, rj, mg, go, rs, uy e ar. são pequenas polaroids literárias a respeito do cotidiano e da estrada. não se trata aqui apenas de lugares bonitos, paisagens exuberantes e construções históricas, mas dos encontros, dos entremeios, do enquanto e das entrelinhas de se jogar no mundo antes de se jogar no mar. se trata dos amores deixados pra trás, dos retornos, do cotidiano banal, inconsolável e metropolitano e também da beira da estrada, dos bares distantes, de tudo o que é sempre novo e de tudo o que nunca mais será o mesmo enquanto se está em movimento, enquanto se está indo, sem destino, sem rumo e sem pressa nenhuma de chegar\".','Livro de crônicas a respeito das viagens de Francisco Noah de Carvalho e Amendola','4','2018-09-03 21:49:06','{\"pdf\":\"AP000004.pdf\",\"epub\":\"AP000004.epub\"}','1',305,NULL,'2018-09-03 21:49:06',NULL),(57,'AP000003',1,'O Estranho Teorema das Nuvens',1,'AP000003.png','\"O Estranho Teorema das Nuvens\" ficou pronto em Fevereiro de 2017. \"Não vi quando ficou pronto, ele apenas estava lá\", conta o autor. É um livro de poemas longos, e que de vez em quando é atravessado por um jab de esquerda como o poema \"Entretenimento\", veja só: \"vamos foder até amansarmos esse habitual rinoceronte cego que chamamos de amor\". Cheio de raiva, mágoa e - é claro - amor, o livro atinge uma densidade e uma maturidade literária ímpar, e desenrola-se como um morder de lábios que, cedo ou tarde, vai sangrar. \"O Estranho Teorema das Nuvens\" é uma publicação exclusiva da Appaloosa Books.','\"O Estranho Teorema das Nuvens\" ficou pronto em Fevereiro de 2017. \"Não vi quando ficou pronto, ele apenas estava lá\", conta o autor.','2','2018-09-03 21:51:24','{\"pdf\":\"AP000003.pdf\",\"epub\":\"AP000003.epub\"}','1',351,NULL,'2018-09-03 21:51:24',NULL),(58,'AP000002',1,'Nós Estamos Fodidos Amor',1,'AP000002.png','\"eu quis matar você - ela me disse - eu quis cortar teu pau fora, colocar chumbinho na sua cachaça, queimar seus livros preferidos, contar seus segredos pra todo mundo que eu conheço, te deixar no banheiro pedindo a toalha. eu quis rir de vc pelas costas, encontrar um antônimo pro seu nome, botar sal no seu café, cuspir na sua comida duas vezes porque ser sua foi a melhor coisa que já me aconteceu, e eu não sou de ninguém. eu sou só minha. eu sou só minha, tá entendendo?\" Esse é o primeiro. Esse abre o livro, e depois dele vêm outras 49 porradas. O livro ficou pronto em 2016 e é uma publicação exclusiva da Appaloosa Books.','\"eu quis matar você - ela me disse - eu quis cortar teu pau fora, colocar chumbinho na sua cachaça, queimar seus livros preferidos, contar seus segredos pra todo mundo que eu conheço, te deixar no banheiro pedindo a toalha\"...','2','2018-09-03 21:53:32','{\"pdf\":\"AP000002.pdf\",\"epub\":\"AP000002.epub\"}','1',NULL,NULL,'2018-09-03 21:53:32',NULL),(59,'AP0009',1,'Eu Tenho Um Inferno Dentro de Mim',38,'AP0009.png','40 Contos de Caroline Fortunato. Essa é a conta. Conheci Caroline faz um tempo quando estudei na Usp. Escritora, às vezes bêbada, às vezes sóbria, às vezes responsável, geralmente maluca, mas escritora. Caroline trás contos sérios, despidos e fodidamente concisos ao seu tempo. Saca só essa parte: \"A cada vez mais tomo maior consciência da morte para a qual caminho – rapidamente. Mas não sei o que isso significa. Não sei o que nada significa. Não temos muito controle de nós mesmos. Eu, por exemplo, estava passando por uma fase um pouco superficial nos últimos tempos. Me incomodava, mas eu sabia que não havia como lutar contra ela. Tinha de esperar ela passar (ao menos torcia para que ela passasse). Mas como assim? Por que eu me transformo em determinado tipo de pessoa por uns tempos sem a minha própria permissão? Eu não sou fixista. A cada dia sou uma, e, no entanto com uma base só para todas estas\". É basicamente isso. Com Editoração de Rennan Sama, Eu Teho um Inferno é um rolê e tanto!','40 Contos de Caroline Fortunato. Essa é a conta.','5','2018-09-03 21:55:48','{\"pdf\":\"AP0009.pdf\",\"epub\":\"AP0009.epub\"}','5',949,NULL,'2018-09-03 21:55:48',NULL),(60,'AP0008',1,'Cheque Sem Fundo',32,'AP0008.png','Uma novela de Giordano Andriola, cheque sem fundo é chegar no bar, pedir uma parati, ver o dono acender um cigarro e te falar os ultimos acontecimentos. É um quadro urbano de primeira. Giordano constrói uma narrativa ácida, bem humaroda e com cadência de Samba feat Rock n Roll, como na passagem que vou deixar aqui embaixo - que é a minha preferida. Leia \"Cheque sem Fundo\" e coloque um novo livro na sua lista de preferidos. \"Há várias formas de acabar com própria vida. Casamento, filhos, 44 horas semanais de trabalho e empréstimos consignados. Suicídio é só um pretexto mais rápido de acabar com tudo isso. Às vezes eu penso que a vida pode se resumir no teimoso adiamento que fazemos do suicídio. Sempre deixamos para amanhã. Ou para a próxima semana. Não é por medo ou falta de coragem. A frugal tolice que carregamos nos bolsos furados de nossa esperança acaba por nos convencer de que o dia de amanhã possa, quem sabe, trazer uma mentira mais confortável no bico de um algum urubu de asas partidas. Mas o outro dia sempre vem. É inevitável. Infelizmente, Deus não pode atender a todos os pedidos de infarto fulminante que recebe diariamente. Morrer enquanto dorme é algo tão desejado quanto o sonho da cada própria. O fato é que quando o dia amanhece, temos a plena certeza de que a vida não muda\".','Uma novela de Giordano Andriola, cheque sem fundo é chegar no bar, pedir uma parati, ver o dono acender um cigarro e te falar os ultimos acontecimentos.','6','2018-09-03 21:57:37','{\"pdf\":\"AP0008.pdf\",\"epub\":\"AP0008.epub\"}','1',1013,NULL,'2018-09-03 21:57:37',NULL),(61,'AP0003',1,'Memórias Pútridas de um Voyeur Cego',32,'AP0003.png','Putaria, cinismo e violência, com um toque de humor. Giordano é tipo um Tarantino contando as histórias da infância, da adolescência e da vida como ela é. As primeiras transas, as primeiras putas, os primeiros socos na cara. Do momento em que estamos crus pra vida até o primeiro momento em que acordamos com a bochecha molhada de cerveja quente no balcão do bar. Tá tudo aqui. Memórias Pútridas de um Voyeur cego é cruzado literário de direita depois de muito soco tomado. Uma reação milagrosa. Um livro de contos do caralho que vem acompanhado de uma entrevista com Giordano. Leia essa porra!','Putaria, cinismo e violência, com um toque de humor.','5','2018-09-03 22:00:05','{\"pdf\":\"AP0003.pdf\",\"epub\":\"AP0003.epub\"}','5',2365,NULL,'2018-09-03 22:00:05',NULL),(62,'AP0010',1,'A Literatura é o Único Delírio Possível',42,'AP0010.png','Parece que Eric Moreira andou metralhando coisas por aí. Ou andou revidando, ou não bem revidando eu não sei. Você vai ter que ler, vai ter escavar esse terreno árido de horizontes tão belos como esse aqui: \"É como se todas as estátuas de Bronze / mastigassem meu corpo / É como se a cidade / falasse comigo / você não fala / Você não diz nada / E eu acabo te amando / Como quem ama / Um filme mudo\". \"O Amor é o Único Delírio Possível\" é um baita blues. Leia.','Parece que Eric Moreira andou metralhando coisas por aí. Ou andou revidando, ou não bem revidando eu não sei. Você vai ter que ler, vai ter escavar esse terreno árido de horizontes tão belos.','2','2018-09-03 22:02:21','{\"pdf\":\"AP0010.pdf\",\"epub\":\"AP0010.epub\"}','1',607,NULL,'2018-09-03 22:02:21',NULL),(63,'AP0011',1,'O Homem Acinzentado',39,'AP0011.png','Você já se sentiu nauseado ao se dar conta de que não é nada mais que um ser vivo vivendo a espera do dia em que será comido por vermes? Você já sentiu insuportáveis dores de estômago ao imaginar a morte e o fim de todos os seus entes queridos? Você já sentiu estar sendo lentamente engolido pela cidade e afastado de tudo pelo que sempre lutou, por circunstancias alheias a sua vontade? Você já sentiu uma paranoia forte o bastante para se converter em vontade de cometer suicídio ao confrontar a ideia da fatalidade da vida? Se nunca se viu em frente a nenhuma dessas situações, você não é capaz de julgar ou compreender o homem acinzentado. Mas, se a sua resposta for um “sim”, talvez este livro seja sobre você.','Você já se sentiu nauseado ao se dar conta de que não é nada mais que um ser vivo vivendo a espera do dia em que será comido por vermes? Você já sentiu insuportáveis dores de estômago ao imaginar a morte e o fim de todos os seus entes queridos?','6','2018-09-03 22:03:52','{\"pdf\":\"AP0011.pdf\",\"epub\":\"AP0011.epub\"}','1',506,NULL,'2018-09-03 22:03:52',NULL),(64,'AP0013',1,'O Sol Era Uma Hemorragia Ruivo-Oxigenada',40,'AP0013.png','A literatura de Bruno Sanctus atrai nosso olhar para dentro de nossas próprias vísceras. Nos faz encarar nosso próprio ódio. Nosso próprio niilismo, que disfarçamos com hipócritas “Bom dia”! e “Tudo bem”? todos os dias, pois somos peças bem encaixadas e a vida é assim mesmo. Não. Não é assim mesmo. E este jovem escritor já sabe disso. Desde o empedernido pessimismo que impregna estas páginas, até a aversão aos populares saraus de poesia, onde quem escreve procura externar seus anseios por aprovação, na procura de palmas, tão sinceras como o “Bom dia”! que oculta desejos homicidas, os quais Bruno Sanctus joga a luz, como um vigia num banheiro publico, revelando atos vergonhosos que nós todos cometemos ou sonhamos cometer. Sua escrita é sincera como os recados pervertidos rabiscados nas portas deste banheiro. Um convite para que joguemos a máscara dissimulada no cesto de lixo, enfiemos a mão no vaso e nos alimentemos do que é realmente a Verdade, e esta nos libertará, pois “somos nós mesmos, quando defecamos\".','A literatura de Bruno Sanctus atrai nosso olhar para dentro de nossas próprias vísceras. Nos faz encarar nosso próprio ódio. Nosso próprio niilismo, que disfarçamos com hipócritas “Bom dia”! e “Tudo bem”?','2','2018-09-03 22:05:43','{\"pdf\":\"AP0013.pdf\",\"epub\":\"AP0013.epub\"}','1',3511,NULL,'2018-09-03 22:05:43',NULL),(65,'AP0016',1,'Sonata em Mi Menor Para Porcos e Outros Quadrúpedes',1,'AP0016.png','Escrevi esse texto nos primeiros meses assim que havia entrado na USP, há alguns anos, até 2018 jamais mostrei um poema dele sequer em lugar nenhum a não ser no programa nascente da mesma universidade, onde o livro recebeu Menção Honrosa no quesito poesia. Assim que entrei na universidade naqueles anos fui morar em um alojamento com outros 7 caras (hard, but nice times aliás), e eu escrevia à noite, quase madrugada. Como não poderia deixar a luz do único quarto acesa porque outros dormiam eu escrevia no corredor, onde a luz estava sempre acesa. Às vezes varava madrugadas, e assim em 2 ou 3 meses concebi esse livro. Trata-se de um poema único de 80 páginas dividido em sete partes. Você pode ler na ordem que quiser. É extremamente marcado por valores políticos que eu vinha aprendendo a desenvolver na época, por vezes até imaturo, por vezes até tenta uma impressividade, mas acho que o valor maior é que houve honestidade até nessa impressividade. Acho que esse livro é como conversar com uma criança com raiva após um ataque em Berlin. Disponível apenas em PDF. Boa leitura.','Escrevi esse texto nos primeiros meses assim que havia entrado na USP, há alguns anos, até 2018 jamais mostrei um poema dele sequer em lugar nenhum a não ser no programa nascente da mesma universidade, onde o livro recebeu Menção Honrosa no quesito poesia. ','2','2018-09-03 22:13:31','{\"pdf\":\"AP0016.pdf\"}','1',221,NULL,'2018-09-03 22:13:31',NULL),(66,'AP0002',1,'Os Mapas Sinalizam Ilhas Submersas',35,'AP0002.png','“Os Mapas Sinalizam Ilhas Submersas” é um livro dividido em duas partes: Terra e Água. Os poemas de Franck Santos transitam entre esses dois mundos com esmero. Os seus versos são barcos que ora travam na terra, ora seguem pelo mar, sempre leves, desapegados e com gosto de água salgada, areia e sol. Um livro-refúgio para o barulho desafinado do dia-a-dia, onde o leitor submerge em um mar de linguagem solta e inventiva, tomado por imagens que o conduzirão a um arrebatamento de simplicidade. Saímos dessa leitura com um aroma de petricor, saciados de cinzas, cheios de paixão, e dilacerados por laços, nós, jazz e blues. “Você ainda prefere nas tardes o fogo e aquele piano tocando na casa ao lado da sua umas canções que não terminam nunca.” “vinte flores amarelas num jardim que não existe para enfeitar à mesa do jantar.” “Você foi um daqueles pratos quentes de queimar o céu da boca.” “meu grito é seco, ecoa nos olhos dos pássaros nos fios dos postes feito violoncelo” Franck transforma o comum e o doméstico em coisas singulares, pois o estranhamento está em cada verso e mirada. Após dar um mergulho de ponta neste livro, prepare-se para ficar diante de um caleidoscópio de temas, que vão desde o horóscopo e os (des) amores até Yu-gi-oh, cerejeiras, paixão kamikaze, baratas e ilhas, sejam elas marítimas ou da cidade grande; um universo paralelo onde os dois principais temas do poeta – a terra e a água – se expandem e se colidem constantemente.','“Os Mapas Sinalizam Ilhas Submersas” é um livro dividido em duas partes: Terra e Água e os poemas de Franck Santos transitam entre esses dois mundos com esmero.','2','2018-09-03 22:15:48','{\"pdf\":\"AP0002.png\",\"epub\":\"AP0002.epub\"}','13',1214,NULL,'2018-09-03 22:15:48',NULL),(67,'AP0010',1,'O Pior Amigo de Todos',37,'AP0010.jpg','Primeira parceria da Appaloosa com um ilustrador - e um puta ilustrador ( sério, leia a bio do cara ), \"O Pior Amigo de Todos\" é um relato curto e elaborado sobre a desamizade disfarçada de amizade. Coutinho é um cara que vem da ilustração e trás novos técnicas também para a escrita. Com um puta set de Ilustrações e acabamento impecável, \"O Pior Amigo De Todos\" é Um livro pra ler rápido e pensar pra caralho depois.','Primeira parceria da Appaloosa com um ilustrador - e um puta ilustrador ( sério, leia a bio do cara ), \"O Pior Amigo de Todos\" é um relato curto e elaborado sobre a desamizade disfarçada de amizade. ','8','2018-09-03 22:19:32','{\"epub\":\"AP0010.epub\"}','5',349,NULL,'2018-09-03 22:19:32',NULL),(68,'AP0014',1,'Tudo Aquilo Que Não Dissemos',41,'AP0014.png','Sempre tive dificuldade de colocar as coisas que sinto pra fora, sou travado pra falar certas coisas e já perdi amigos, amores e creio que perdi alguns momentos interessantes da minha vida por causa disso. Escrever é uma forma de colocar as coisas pra fora, ainda mais as tóxicas, porém, escrever é uma desgraça. Muitas vezes eu acho um saco escrever, muitas vezes as coisas que escrevo se viram contra mim, muitas vezes penso em parar com a poesia, mas o lance é que nunca consigo dizer tudo o que tenho pra dizer, por isso (e por outros motivos) que escrevo... Separei os poemas que achei mais importantes e os que me ajudaram a sobreviver ou morrer mais um pouquinho. Alguns são bem pessoais, alguns são só literatura mesmo (se é que pode chamar isso de literatura), alguns são coisas que passei, alguns são coisas que queria dizer olhando nos olhos de uma pessoa. Espero que goste, pelo menos de alguns.','Sempre tive dificuldade de colocar as coisas que sinto pra fora, sou travado pra falar certas coisas e já perdi amigos, amores e creio que perdi alguns momentos interessantes da minha vida por causa disso.','2','2018-09-03 22:21:37','{\"pdf\":\"AP0014.pdf\",\"epub\":\"AP0014.epub\"}','1',509,NULL,'2018-09-03 22:21:37',NULL),(69,'AP0001',1,'O Exílio do Eu ou a Revolução das Coisas Mortas',34,'AP0001.png','\"Não sei se a culpa era dos pelos grossos que cobriam todo o meu dorso ou do meu chapéu coco um tanto masculino. O fato é que ele não parecia reparar que eu era de uma espécie inferior a sua. Estendi meus dedos em volta do pescoço como se procurasse um pomo de adão ou desapertasse uma gravata borboleta que não existia. Ele reparava em meus movimentos e pigarreava de alegria, afinal, éramos tão parecidos que ele podia se deitar na minha cama e não tocar no meu sexo, porque meu órgão era grande, pesado e imponente como o dele e como dos touros que não foram castrados. Eu não era como as outras que tinham as genitálias escondidas na abstração e nas gretas do corpo, meu clitóris despencava das minhas ancas como um sino enferrujado prestes a cair. A mulher é cheia de pretensões e na sua cabeça germinam apenas futilidades, diz conhecer o abismo dos homens, enquanto sua alma não passa de um porão cheio de quinquilharias. Como poderia adivinhar a ranhura na face do macho? No entanto, qualquer pedra desse jardim pode dissertar mais sobre a evolução humana do que esse ser rastejante originário da vértebra fraturada de um cão sarnento. Eu não tocaria na vagina de uma mulher nem que me pagassem, todas elas são dentadas\" Do livro: O Exílio do Eu ou A Revolução das Coisas Mortas. Este é um livro de contos. O exceto acima é de um dos contos. Não há mais nada a ser dito. Márcia Barbieri é uma lâmina.','Não há mais nada a ser dito. Márcia Barbieri é uma lâmina.','2','2018-09-03 22:23:23','{\"pdf\":\"AP0001.pdf\",\"epub\":\"AP0001.epub\"}','5',1519,NULL,'2018-09-03 22:23:23',NULL),(70,'AP0005',1,'Polifemo em Lilipute e Outros Contos',33,'AP0005.png','Comecemos com um trocadilho infame: os contos de Andri Carvão são brasas incandescentes, ardentes, fogosas. Esse elemento rubro dentro da caixa de fósforos pulsa já no primeiro conto. Em O Sangue, o líquido vermelho flui na morte da infância, na morte do sonho, na morte da luta, na mancha do branco. O segundo resulta, sem eufemismo, no sonho destroçado da atualidade vazia, do rebanho perdido em um parque de diversões, de ilusões, do faz de conta, da irresponsabilidade de uma geração pagando um preço alto pela derrota das anteriores. Aí vem o terceiro, o quarto, o quinto, o sexto, o sétimo em orgasmos múltiplos... Polifemo em Lilipute & outros contos é um livro de sonhos frustrados, lutas vãs, gozo “fácil”, onde o inusitado é o desfecho, onde o fetiche da enfermeira é a morte. E o descarado ainda ousa chegar ao último conto com um final feliz. Andri vai construindo, com as variações lingüísticas do dia a dia, sua literatura de carne e osso com gosto de pêssego na lata; sarcástica, seca, hilária, cruel, de sensualidade explícita e onomatopaica, com uma linguagem espontânea que dá ritmo à leitura. Ou seja, é carvão em brasa. Querem pôr a mão no fogo? Leiam! e... Fora Temer!','Comecemos com um trocadilho infame: os contos de Andri Carvão são brasas incandescentes','5','2018-09-03 22:25:12','{\"pdf\":\"AP0005.pdf\",\"epub\":\"AP0005.epub\"}','14',1016,NULL,'2018-09-03 22:25:12',NULL),(71,'AP0007',1,'A Fragrância dos Loucos',36,'AP0007.png','Você alguma vez já conheceu a loucura ou o perigo? Já obteve das situações aquilo que fere a sua identidade, queima seus livros e lambe seus neurônios? Em \"A Fragrancia dos Loucos\" Roberto Menezes narra com assustadora maestria a relação passional e esquizoide de um homem com seus amores, e sobretudo, consigo mesmo. A historia contada em primeira pessoa nos revela a mente e a vida de um cara de meia idade, poeta maturado, solitário, alcoólatra crônico, e quem sabe louco, que um dia conhece uma mulher. Enquanto a narrativa se desenrola, há jornalistas curiosos, predadores natos e um homem, que conta o que fez e o que passou mantendo uma elegânte distancia, pessoalidade, sinceridade e ódio. É assim em \"A Fragrância dos Loucos\". Um livro do qual fala-se pouco, lê-se atento, e de olhos bem abertos.','Você alguma vez já conheceu a loucura ou o perigo? Já obteve das situações aquilo que fere a sua identidade, queima seus livros e lambe seus neurônios?','5','2018-09-03 22:26:58','{\"pdf\":\"AP0007.pdf\",\"epub\":\"AP0007.epub\"}','5',913,NULL,'2018-09-03 22:26:58',NULL),(74,'AP0017',1,'A Morte Sucinta - Epitáfios Epigramáticos',43,'AP0017.png','A Morte Sucinta traz um certo deboche ao universo de Wladimir. Macaco véio no mundo da poesia, poeta consolidado e grande criador das coisas das palavras, apresenta-nos este livro que, apesar do deboche, é extremamente bem construído, com elegância e domínio. Leia antes que Wladimir te enterre!','A Morte Sucinta traz um certo deboche ao universo de Wladimir.','2','2018-10-10 00:38:58','{\"pdf\":\"AP0017.pdf\",\"epub\":\"AP0017.epub\"}','1',1018,NULL,'2018-10-10 00:38:58',NULL),(75,'AP0004',1,'Através da Juventude',52,'AP0004.png','\"Eu era um monge. Eu subia na mangueira do quintal das minhas avós e meditava. Eu não sabia que era meditação, já hoje eu posso dizer que era. Eu fixava meu olhar nas formigas. Primeiro eu sentia a dor delas. Depois a dor do mundo. E depois disso eu não pensava ou sentia nada. E então eu me tornei o que sou. Cada dia que se passava eu me tornava algo mais, e o processo não cessou até hoje\". É assim que começa \"Através da Juventude\". Um flash. E depois vêm outros. As tretas, as drogas, os amores. O livro de poemas de Rennan Sama é um convite ao erro. Aos belos erros, e a quem aprende com eles só pra cometer novos erros, como esse aqui contido nesse livro: \"é necessário entender que algumas vezes só temos a última vez. é necessário refletir sempre em cada milésimo de segundo. é necessário domar a loucura quando ela lhe atinge sobre dúvidas sobre si mesmo. é necessário não dormir antes de anotar uma ideia\".\r\n\r\n','As tretas, as drogas, os amores. O livro de poemas de Rennan Sama é um convite ao erro.','2','2018-10-10 21:37:17','{\"pdf\":\"AP0004.pdf\",\"epub\":\"AP0004.epub\"}','1',974,NULL,'2018-10-10 21:37:17',NULL),(76,'AP0006',1,'Tua Lembrança é Pra Sempre Samba-Enredo',53,'AP0006.png','Marco Magalhães cambaleia entre o knock out e a reação nesse livro. Vai de um canto ao outro do ringue sem se deixar abater por ela, mas sem medo de demonstrar o cansaço. Marco não reage, como se aguentasse bem a porrada. Marco acende um cigarro no meio do ringue, sorri e acena pra ela enquanto ela dá o fora. Tá aí um puta livro sobre esses amores que destroem com a gente e deixam um rombo enorme e lindo e tão vazio que é capaz de se tornar qualquer coisa.','Marco Magalhães cambaleia entre o knock out e a reação nesse livro','2','2018-10-10 21:46:15','{\"pdf\":\"AP0006.pdf\",\"epub\":\"AP0006.epub\"}','1',791,NULL,'2018-10-10 21:46:15',NULL),(77,'AP0018',1,'Em Tuas Mãos',55,'AP0018.png','Meses atrás recebi uma mensagem de Clarice dizendo que gostaria de publicar um livro através da Appaloosa. Assenti, e recebi o livro em meu e-mail no mesmo dia.\r\n\r\nComo podem ver, o livro foi publicado e é este mesmo que voçê está prestes a ler. Fiz um chá mate, deitei no meu sofá e parei pra ler o “Em Tuas Mãos”. Após alguns minutos parei pra xingar o livro de Clarice, não como reclamação, mas porque tão rapidamente eu já havia notado que se tratava de um livro foda. Li os primeiros versos de “Sinto”e me lembrei de momentos da minha juventude. Me lembrei de quem eu era, e de quem eu vinha tentando ser. Foi uma espécie de reencontro, ou uma maneira de rir com lágrima nos olhos.\r\n\r\nFoi então que saquei o poder da escrita da C. e o quão não apenas seria interessante, mas necessário, que a Appaloosa publicasse este livro. E o fizemos, porque é como se Clarice fosse neta de Hilda, neta de Virginia, neta de Lispector, neta de Ana C. e, principalmente, neta de si mesma. Poucos autores tornaram-se verdadeiramente donos de suas obras, e nas próximas páginas ficará claro que este livro pertence a autora, não somente no sentido de posse, mas de identidade. Um tanto de Clarice é mesmo isso aqui. Boa leitura.','Meses atrás recebi uma mensagem de Clarice dizendo que gostaria de publicar um livro através da Appaloosa. Assenti, e recebi o livro em meu e-mail no mesmo dia.','2','2018-11-07 19:08:03','{\"pdf\":\"AP0018.pdf\",\"epub\":\"AP0018.epub\"}','1',1272,NULL,'2018-11-07 19:08:03',NULL);
/*!40000 ALTER TABLE `books` ENABLE KEYS */;
UNLOCK TABLES;

--
-- Table structure for table `genders`
--

DROP TABLE IF EXISTS `genders`;
/*!40101 SET @saved_cs_client     = @@character_set_client */;
/*!40101 SET character_set_client = utf8 */;
CREATE TABLE `genders` (
  `id` int(11) unsigned NOT NULL AUTO_INCREMENT,
  `name` varchar(100) DEFAULT NULL,
  `created` datetime DEFAULT NULL,
  PRIMARY KEY (`id`)
) ENGINE=InnoDB AUTO_INCREMENT=10 DEFAULT CHARSET=latin1;
/*!40101 SET character_set_client = @saved_cs_client */;

--
-- Dumping data for table `genders`
--

LOCK TABLES `genders` WRITE;
/*!40000 ALTER TABLE `genders` DISABLE KEYS */;
INSERT INTO `genders` VALUES (2,'Poesia',NULL),(4,'Crônica',NULL),(5,'Conto',NULL),(6,'Romance',NULL),(7,'Antologias',NULL),(8,'Quadrinhos',NULL);
/*!40000 ALTER TABLE `genders` ENABLE KEYS */;
UNLOCK TABLES;

--
-- Table structure for table `reviewers`
--

DROP TABLE IF EXISTS `reviewers`;
/*!40101 SET @saved_cs_client     = @@character_set_client */;
/*!40101 SET character_set_client = utf8 */;
CREATE TABLE `reviewers` (
  `id` int(11) unsigned NOT NULL AUTO_INCREMENT,
  `name` varchar(100) DEFAULT NULL,
  `link` varchar(300) DEFAULT NULL,
  `options` varchar(3000) DEFAULT NULL,
  `created` datetime DEFAULT NULL,
  PRIMARY KEY (`id`)
) ENGINE=InnoDB AUTO_INCREMENT=16 DEFAULT CHARSET=latin1;
/*!40101 SET character_set_client = @saved_cs_client */;

--
-- Dumping data for table `reviewers`
--

LOCK TABLES `reviewers` WRITE;
/*!40000 ALTER TABLE `reviewers` DISABLE KEYS */;
INSERT INTO `reviewers` VALUES (1,'Appaloosa Books','http://appaloosabooks.com',NULL,'0000-00-00 00:00:00'),(5,'Felippe Regazio','http://fb.com/hi.felippe',NULL,NULL),(12,'Carvalho Junior','https://www.facebook.com/professorcarvalhojunior',NULL,NULL),(13,'Bruno Ribeiro','https://www.facebook.com/bruno.ribeiro.3994?ref=br_rs',NULL,NULL),(14,'Leonel Delana Jr.','https://www.facebook.com/LeonelD.Jr?ref=br_rs',NULL,NULL);
/*!40000 ALTER TABLE `reviewers` ENABLE KEYS */;
UNLOCK TABLES;

--
-- Table structure for table `subscribers`
--

DROP TABLE IF EXISTS `subscribers`;
/*!40101 SET @saved_cs_client     = @@character_set_client */;
/*!40101 SET character_set_client = utf8 */;
CREATE TABLE `subscribers` (
  `id` int(11) unsigned NOT NULL AUTO_INCREMENT,
  `status` int(11) DEFAULT '1',
  `email` varchar(200) DEFAULT NULL,
  `created` datetime DEFAULT NULL,
  PRIMARY KEY (`id`)
) ENGINE=InnoDB AUTO_INCREMENT=3 DEFAULT CHARSET=latin1;
/*!40101 SET character_set_client = @saved_cs_client */;

--
-- Dumping data for table `subscribers`
--

LOCK TABLES `subscribers` WRITE;
/*!40000 ALTER TABLE `subscribers` DISABLE KEYS */;
INSERT INTO `subscribers` VALUES (2,1,'felippe.moraes@zoho.com','2018-09-12 21:59:58');
/*!40000 ALTER TABLE `subscribers` ENABLE KEYS */;
UNLOCK TABLES;

--
-- Table structure for table `users`
--

DROP TABLE IF EXISTS `users`;
/*!40101 SET @saved_cs_client     = @@character_set_client */;
/*!40101 SET character_set_client = utf8 */;
CREATE TABLE `users` (
  `id` int(10) unsigned NOT NULL AUTO_INCREMENT,
  `role` varchar(10) DEFAULT NULL,
  `status` int(2) DEFAULT NULL,
  `first_name` varchar(50) DEFAULT NULL,
  `last_name` varchar(50) DEFAULT NULL,
  `email` varchar(50) DEFAULT NULL,
  `pass` varchar(100) DEFAULT NULL,
  `birth` date DEFAULT NULL,
  `image` varchar(200) DEFAULT NULL,
  `options` text,
  `created` datetime DEFAULT NULL,
  `modified` datetime DEFAULT NULL,
  PRIMARY KEY (`id`)
) ENGINE=InnoDB AUTO_INCREMENT=56 DEFAULT CHARSET=utf8mb4;
/*!40101 SET character_set_client = @saved_cs_client */;

--
-- Dumping data for table `users`
--

LOCK TABLES `users` WRITE;
/*!40000 ALTER TABLE `users` DISABLE KEYS */;
INSERT INTO `users` VALUES (1,'admin',1,'Felippe','Regazio','felippe.moraes@zoho.com','dc3a5a728e63803cda766482bd71aa43b68c9286','1991-02-17','1.png',NULL,'2018-04-16 13:16:52','2018-10-13 21:15:30'),(32,'author',1,'Giordano','Andriola','giordano_andriola@hotmail.com','1fb3d0d1ada0ad9d1f70d47b6847a49848ef1db2','1990-01-10','32.jpg',NULL,'2018-09-01 10:35:18','2018-10-15 11:06:58'),(33,'author',1,'Andri','Carvão','andricarvao@hotmail.com','b96c25aefd2906f587496ffb7ea7e708b1172f1b','2011-11-11',NULL,NULL,'2018-09-01 10:37:02',NULL),(34,'author',1,'Marcia','Barbieri','marcia_barbieri@hotmail.com','c74fe67378e147444d1d0abff29ea9b65e260667','2011-11-11',NULL,NULL,'2018-09-01 10:39:46','2018-10-15 10:59:17'),(35,'author',1,'Franck','Santos','','b96c25aefd2906f587496ffb7ea7e708b1172f1b','2011-11-11',NULL,NULL,'2018-09-01 10:42:46',NULL),(36,'author',1,'Roberto','Menezes','betomenezes@gmail.com','b96c25aefd2906f587496ffb7ea7e708b1172f1b','2011-11-11',NULL,NULL,'2018-09-01 10:44:22',NULL),(37,'author',1,'Felipe','Coutinho','felcoutinhoart@gmail.com','b96c25aefd2906f587496ffb7ea7e708b1172f1b','2011-11-11',NULL,NULL,'2018-09-01 10:45:15',NULL),(38,'author',1,'Caroline','Fortunato','yrijauklemm@gmail.com','b96c25aefd2906f587496ffb7ea7e708b1172f1b','2011-11-11',NULL,NULL,'2018-09-01 10:47:43',NULL),(39,'author',1,'Matheus','Peleteiro','matheus_peleteiro@hotmail.com','b96c25aefd2906f587496ffb7ea7e708b1172f1b','2011-11-11',NULL,NULL,'2018-09-01 10:49:01',NULL),(40,'author',1,'Bruno','Sanctus','brunosanctus@outlook.com','b96c25aefd2906f587496ffb7ea7e708b1172f1b','2011-11-11',NULL,NULL,'2018-09-01 10:50:03',NULL),(41,'author',1,'Cleber','Cardoso','cleber19191@gmail.com','b96c25aefd2906f587496ffb7ea7e708b1172f1b','2011-11-11',NULL,NULL,'2018-09-01 10:51:32',NULL),(42,'author',1,'Eric','Moreira','eric.ufjf@gmail.com','b96c25aefd2906f587496ffb7ea7e708b1172f1b','2011-11-11',NULL,NULL,'2018-09-01 10:52:37',NULL),(43,'author',1,'Wladimir','Saldanha','wladsal@terra.com.br','b96c25aefd2906f587496ffb7ea7e708b1172f1b','2011-11-11',NULL,NULL,'2018-09-01 10:55:46',NULL),(44,'admin',1,'Appaloosa','Books','contato@appaloosabooks.com','dc3a5a728e63803cda766482bd71aa43b68c9286','2012-03-12',NULL,NULL,'2018-09-01 10:58:33','2018-10-14 22:20:56'),(52,'author',1,'Rennan','Sama','rennansama19@outlook.com','b96c25aefd2906f587496ffb7ea7e708b1172f1b','1991-12-12','52.jpg',NULL,'2018-10-10 21:35:21','2018-10-14 16:07:46'),(53,'author',1,'Marco','Magalhães','maomagalhaes@gmail.com','b96c25aefd2906f587496ffb7ea7e708b1172f1b','1991-12-12',NULL,NULL,'2018-10-10 21:44:42',NULL),(55,'author',1,'Clarice','Sabino','sabinoclarice@gmail.com','7ff1c9f970a167c451dfd595050419c5c0480635','1998-03-29','55.png',NULL,'2018-10-14 21:17:23','2018-10-24 17:41:14');
/*!40000 ALTER TABLE `users` ENABLE KEYS */;
UNLOCK TABLES;
/*!40103 SET TIME_ZONE=@OLD_TIME_ZONE */;

/*!40101 SET SQL_MODE=@OLD_SQL_MODE */;
/*!40014 SET FOREIGN_KEY_CHECKS=@OLD_FOREIGN_KEY_CHECKS */;
/*!40014 SET UNIQUE_CHECKS=@OLD_UNIQUE_CHECKS */;
/*!40101 SET CHARACTER_SET_CLIENT=@OLD_CHARACTER_SET_CLIENT */;
/*!40101 SET CHARACTER_SET_RESULTS=@OLD_CHARACTER_SET_RESULTS */;
/*!40101 SET COLLATION_CONNECTION=@OLD_COLLATION_CONNECTION */;
/*!40111 SET SQL_NOTES=@OLD_SQL_NOTES */;

-- Dump completed on 2018-11-09 21:56:26
